jogadores/licenca,jogadores/nome,jogadores/short_name,jogadores/fotografia,jogadores/posicaotatica,jogadores/pais,jogadores/equipa,jogadores/logotipo,jogadores/skoy_id_jogador,jogadores/shirtNumber,jogadores/nomeEquipa,jogadores/idEpoca,jogadores/epoca,jogadores/idClube,jogadores/nomeClube,jogadores/siglaClube,jogadores/idAssociacao,jogadores/associacao,jogadores/dataNascimento,jogadores/genero,jogadores/altura,jogadores/peso,jogadores/foto_acao,jogadores/facebook,jogadores/instagram,jogadores/twitter
272930,Aaron Broussard,Aaron Broussard,https://sav2.fpb.pt/uploads/utilizadores/223590_1662745073.png,BASE / EXTREMO,Estados Unidos da América,Sport Lisboa e Benfica,https://sav2.fpb.pt/old_uploads/CLU/CLU_127_LOGO.png,0,1,SL Benfica ,60,2021/2022,127,Sport Lisboa e Benfica,SLB,1,Associação de Basquetebol de Lisboa,1990-04-14,M,196,0,,,,
188949,Afonso José Ferreira Henriques Falcão Marques,Afonso Marques,https://sav2.fpb.pt/uploads/utilizadores/117089_1665741335.png,,Portugal,Associação Académica de Coimbra,https://sav2.fpb.pt/uploads/clubes/logotipo/Associacao_Academica_de_Coimbra1596300872.png,0,11,Académica EFAPEL ,60,2021/2022,39,Associação Académica de Coimbra,AAC,8,Associação de Basquetebol de Coimbra,2002-05-18,M,170,0,,,,
196448,Afonso Morais Guedes,Afonso Guedes,https://sav2.fpb.pt/uploads/utilizadores/125220_1631009962.png,,Portugal,Sporting Clube de Portugal,https://sav2.fpb.pt/old_uploads/CLU/CLU_169_LOGO.png,0,16,Sporting CP ,60,2021/2022,169,Sporting Clube de Portugal,SCP,1,Associação de Basquetebol de Lisboa,2003-03-06,M,196,0,,,,
273260,Alexander Jacob Thompson,Alexander Thompson,https://sav2.fpb.pt/uploads/utilizadores/223975_1632675959.png,,Estados Unidos da América,Sport Club Lusitânia ,https://sav2.fpb.pt/old_uploads/CLU/CLU_76_LOGO.png,0,20,Lusitânia Expert ,60,2021/2022,76,Sport Club Lusitânia ,SCL,13,Associação de Basquetebol da Ilha Terceira ,1995-04-25,M,203,0,,,,
278310,Amenhotep Kazembe Ture Abif,Amenhotep Abif,https://sav2.fpb.pt/uploads/utilizadores/229701_1645088602.png,POSTE,Estados Unidos da América,Sport Club Lusitânia ,https://sav2.fpb.pt/old_uploads/CLU/CLU_76_LOGO.png,0,32,Lusitânia Expert ,60,2021/2022,76,Sport Club Lusitânia ,SCL,13,Associação de Basquetebol da Ilha Terceira ,1992-11-18,M,201,110,,,,
109007,André Filipe de Oliveira Bessa,André Bessa,https://sav2.fpb.pt/uploads/utilizadores/31629_1663795551.png,BASE,Portugal,Vitória Sport Clube,https://sav2.fpb.pt/old_uploads/CLU/CLU_2300_LOGO.png,0,9,Vitória SC ,60,2021/2022,2300,Vitória Sport Clube,VSC,5,Associação de Basquetebol de Braga,1989-01-13,M,182,78,,,,
279035,Andrew Edward KosteckaIII ,Andrew KosteckaIII,https://sav2.fpb.pt/uploads/utilizadores/230480_1641600095.png,,Estados Unidos da América,Associação Académica de Coimbra,https://sav2.fpb.pt/uploads/clubes/logotipo/Associacao_Academica_de_Coimbra1596300872.png,0,14,Académica EFAPEL ,60,2021/2022,39,Associação Académica de Coimbra,AAC,8,Associação de Basquetebol de Coimbra,1997-08-19,M,0,0,,,,
273376,Andrew Michael Richard Robinson,Andrew Robinson,https://sav2.fpb.pt/uploads/utilizadores/224118_1632420011.png,,Estados Unidos da América,Imortal Basket Club,https://sav2.fpb.pt/old_uploads/CLU/CLU_2932_LOGO.png,0,14,Imortal LUZiGÁS ,60,2021/2022,2932,Imortal Basket Club,IBC,9,Associação de Basquetebol do Algarve ,1996-06-05,M,196,0,,,,
268721,Anthony Louis Smith,Anthony Smith,https://sav2.fpb.pt/uploads/utilizadores/218675_1632323565.png,,Estados Unidos da América,Imortal Basket Club,https://sav2.fpb.pt/old_uploads/CLU/CLU_2932_LOGO.png,0,24,Imortal LUZiGÁS ,60,2021/2022,2932,Imortal Basket Club,IBC,9,Associação de Basquetebol do Algarve ,1997-03-16,M,202,0,,,,
166708,António Nicolau Monteiro,António Monteiro,https://sav2.fpb.pt/uploads/utilizadores/93970_1662817205.png,EXTREMO / POSTE,Angola,Sporting Clube de Portugal,https://sav2.fpb.pt/old_uploads/CLU/CLU_169_LOGO.png,0,10,Sporting CP ,60,2021/2022,169,Sporting Clube de Portugal,SCP,1,Associação de Basquetebol de Lisboa,1989-04-02,M,204,0,,,,
236666,António Pedro Guimarães Arantes,António Arantes,https://sav2.fpb.pt/uploads/utilizadores/164689_1665602997.png,,Portugal,Vitória Sport Clube,https://sav2.fpb.pt/old_uploads/CLU/CLU_2300_LOGO.png,0,,Vitória SC ,60,2021/2022,2300,Vitória Sport Clube,VSC,5,Associação de Basquetebol de Braga,2003-04-17,M,183,0,,,,
130949,Arnette Lamar Scharfusen Hallman,Arnette Hallman,https://sav2.fpb.pt/uploads/utilizadores/51458_1663795435.png,EXTREMO / POSTE,Espanha,Sport Lisboa e Benfica,https://sav2.fpb.pt/old_uploads/CLU/CLU_127_LOGO.png,0,22,SL Benfica ,60,2021/2022,127,Sport Lisboa e Benfica,SLB,1,Associação de Basquetebol de Lisboa,1988-01-06,M,198,0,,https://www.facebook.com/arnette.scharfhausen,,
105379,Augusto Jorge Ferreira Sobrinho,Augusto Sobrinho,https://sav2.fpb.pt/uploads/utilizadores/31456_1633381958.png,,Portugal,Illiabum Clube ,https://sav2.fpb.pt/uploads/clubes/logotipo/Illiabum_Clube1602333892.png,0,7,Illiabum Clube ,60,2021/2022,22,Illiabum Clube ,ILL,3,Associação de Basquetebol de Aveiro,1985-03-31,M,188,0,,,,
196210,Bernardo Pereira Ferreira,Bernardo Ferreira,https://sav2.fpb.pt/uploads/utilizadores/124448_1663241624.png,BASE,Portugal,"Clube Amigos do Basquete da Madeira, Basquetebol SAD ",https://sav2.fpb.pt/uploads/clubes/logotipo/CLU_9871666877561.jpg,0,4,CAB Madeira ,60,2021/2022,987,"Clube Amigos do Basquete da Madeira, Basquetebol SAD ",CAB,6,Associação de Basquetebol da Madeira,2003-06-05,M,180,77,,,,
235796,Bradley Glen Tinsley,Bradley Tinsley,https://sav2.fpb.pt/uploads/utilizadores/163824_1631021845.png,BASE,Estados Unidos da América,Futebol Clube do Porto,https://sav2.fpb.pt/old_uploads/CLU/CLU_120_LOGO.png,0,5,FC Porto ,60,2021/2022,120,Futebol Clube do Porto,FCP,4,Associação de Basquetebol do Porto,1989-05-10,M,191,0,https://sav2.fpb.pt/uploads/utilizadores/foto_acao235796_1595070483.jpg,https://www.facebook.com/brad.tinsley.735,https://www.instagram.com/binsley1/,
273910,Brandon Alexander Austin,Brandon Austin,https://sav2.fpb.pt/uploads/utilizadores/224750_1633096831.png,,Estados Unidos da América,Vitória Sport Clube,https://sav2.fpb.pt/old_uploads/CLU/CLU_2300_LOGO.png,0,0,Vitória SC ,60,2021/2022,2300,Vitória Sport Clube,VSC,5,Associação de Basquetebol de Braga,1995-12-07,M,200,0,,,,
274323,Brandon Warren Anderson,Brandon Anderson,https://sav2.fpb.pt/uploads/utilizadores/225245_1634853868.png,,Estados Unidos da América,A.D.O. Basquetebol da Associação Desportiva Ovarense,https://sav2.fpb.pt/uploads/clubes/logotipo/CLU_121663058006.png,0,11,Ovarense GAVEX ,60,2021/2022,12,A.D.O. Basquetebol da Associação Desportiva Ovarense,OVA,3,Associação de Basquetebol de Aveiro,1998-06-12,M,0,0,,,,
170431,Bruno Gabriel Sambu Gomes Martins,Bruno Martins,https://sav2.fpb.pt/uploads/utilizadores/99094_1632846800.png,,Portugal,Associação Académica de Coimbra,https://sav2.fpb.pt/uploads/clubes/logotipo/Associacao_Academica_de_Coimbra1596300872.png,0,18,Académica EFAPEL ,60,2021/2022,39,Associação Académica de Coimbra,AAC,8,Associação de Basquetebol de Coimbra,1998-09-18,M,193,0,,,,
177284,Carlos Filipe Medeiros Cardoso,Carlos Cardoso,https://sav2.fpb.pt/uploads/utilizadores/105725_1663691053.png,,Portugal,Vitória Sport Clube,https://sav2.fpb.pt/old_uploads/CLU/CLU_2300_LOGO.png,0,6,Vitória SC ,60,2021/2022,2300,Vitória Sport Clube,VSC,5,Associação de Basquetebol de Braga,1997-10-20,M,184,73,,,,
272925,Charlon Anduele Romano Kloof,Charlon Kloof,https://sav2.fpb.pt/uploads/utilizadores/223585_1664549739.png,BASE,Paises Baixos,Futebol Clube do Porto,https://sav2.fpb.pt/old_uploads/CLU/CLU_120_LOGO.png,0,90,FC Porto ,60,2021/2022,120,Futebol Clube do Porto,FCP,4,Associação de Basquetebol do Porto,1990-03-20,M,185,0,,,,
136537,Claúdio dos Santos Fonseca,Claúdio Fonseca,https://sav2.fpb.pt/uploads/utilizadores/57477_1663241760.png,POSTE,Portugal,"Clube Amigos do Basquete da Madeira, Basquetebol SAD ",https://sav2.fpb.pt/uploads/clubes/logotipo/CLU_9871666877561.jpg,0,17,CAB Madeira ,60,2021/2022,987,"Clube Amigos do Basquete da Madeira, Basquetebol SAD ",CAB,6,Associação de Basquetebol da Madeira,1989-01-22,M,208,110,,,,
155382,Cristovão Melo Cordeiro,Cristovão Cordeiro,https://sav2.fpb.pt/uploads/utilizadores/74201_1663801350.png,,Portugal,A.D.O. Basquetebol da Associação Desportiva Ovarense,https://sav2.fpb.pt/uploads/clubes/logotipo/CLU_121663058006.png,0,5,Ovarense GAVEX ,60,2021/2022,12,A.D.O. Basquetebol da Associação Desportiva Ovarense,OVA,3,Associação de Basquetebol de Aveiro,1989-08-24,M,203,0,,,,
139206,Daniel Alexandre da Conceição Machado,Daniel Machado,https://sav2.fpb.pt/uploads/utilizadores/58933_1664741434.png,,Portugal,Sporting Clube de Portugal,https://sav2.fpb.pt/old_uploads/CLU/CLU_169_LOGO.png,0,88,Sporting CP ,60,2021/2022,169,Sporting Clube de Portugal,SCP,1,Associação de Basquetebol de Lisboa,1990-04-11,M,190,0,,,,
217588,Daniel Batista Relvão,Daniel Relvão,https://sav2.fpb.pt/uploads/utilizadores/145674_1663858523.png,POSTE,Portugal,Sporting Clube de Portugal,https://sav2.fpb.pt/old_uploads/CLU/CLU_169_LOGO.png,0,14,Sporting CP ,60,2021/2022,169,Sporting Clube de Portugal,SCP,1,Associação de Basquetebol de Lisboa,1996-06-26,M,208,115,https://sav2.fpb.pt/uploads/utilizadores/foto_acao217588_1668205482.jpg,,,
272927,Danjel Kevon Purifoy,Danjel Purifoy,https://sav2.fpb.pt/uploads/utilizadores/223587_1662647663.png,EXTREMO,Estados Unidos da América,Vitória Sport Clube,https://sav2.fpb.pt/old_uploads/CLU/CLU_2300_LOGO.png,0,3,Vitória SC ,60,2021/2022,2300,Vitória Sport Clube,VSC,5,Associação de Basquetebol de Braga,1995-10-11,M,201,0,,,,
278619,Delaney Lamar Blaylock,Delaney Blaylock,https://sav2.fpb.pt/uploads/utilizadores/230039_1639740199.png,,Estados Unidos da América,Clube Desportivo da Póvoa,https://sav2.fpb.pt/old_uploads/CLU/CLU_118_LOGO.jpg,0,20,CD Póvoa ,60,2021/2022,118,Clube Desportivo da Póvoa,CDP,4,Associação de Basquetebol do Porto,1997-01-17,M,0,0,,,,
272931,Dennis J Clifford,Dennis Clifford,https://sav2.fpb.pt/uploads/utilizadores/223591_1638722648.png,POSTE,Estados Unidos da América,Sport Lisboa e Benfica,https://sav2.fpb.pt/old_uploads/CLU/CLU_127_LOGO.png,0,42,SL Benfica ,60,2021/2022,127,Sport Lisboa e Benfica,SLB,1,Associação de Basquetebol de Lisboa,1992-02-29,M,216,0,,,,
274375,Dennis Junior Lobo dos Santos Woolfolk,Dennis Woolfolk,https://sav2.fpb.pt/uploads/utilizadores/225309_1633862346.png,,Portugal,Vitória Sport Clube,https://sav2.fpb.pt/old_uploads/CLU/CLU_2300_LOGO.png,0,47,Vitória SC ,60,2021/2022,2300,Vitória Sport Clube,VSC,5,Associação de Basquetebol de Braga,1999-03-20,M,171,0,,,,
272994,Derrick Antwan Colter,Derrick Colter,https://sav2.fpb.pt/uploads/utilizadores/223670_1634635172.png,BASE,Estados Unidos da América,União Desportiva Oliveirense,https://sav2.fpb.pt/old_uploads/CLU/CLU_28_LOGO.png,0,2,UD Oliveirense ,60,2021/2022,28,União Desportiva Oliveirense,UDO,3,Associação de Basquetebol de Aveiro,1994-03-22,M,180,0,,,,
280270,Devine Chukwuemeka Eke,Devine Eke,https://sav2.fpb.pt/uploads/utilizadores/231805_1646907976.png,,Nigeria,Associação Académica de Coimbra,https://sav2.fpb.pt/uploads/clubes/logotipo/Associacao_Academica_de_Coimbra1596300872.png,0,21,Académica EFAPEL ,60,2021/2022,39,Associação Académica de Coimbra,AAC,8,Associação de Basquetebol de Coimbra,1996-07-29,M,0,0,,,,
273331,Devon Bryant Goodman,Devon Goodman,https://sav2.fpb.pt/uploads/utilizadores/224057_1632675669.png,,Estados Unidos da América,Sport Club Lusitânia ,https://sav2.fpb.pt/old_uploads/CLU/CLU_76_LOGO.png,0,5,Lusitânia Expert ,60,2021/2022,76,Sport Club Lusitânia ,SCL,13,Associação de Basquetebol da Ilha Terceira ,1997-09-12,M,183,0,,,,
273177,Diego Kapelan,Diego Kapelan,https://sav2.fpb.pt/uploads/utilizadores/223882_1636651764.png,,Canada,Clube Desportivo da Póvoa,https://sav2.fpb.pt/old_uploads/CLU/CLU_118_LOGO.jpg,0,0,CD Póvoa ,60,2021/2022,118,Clube Desportivo da Póvoa,CDP,4,Associação de Basquetebol do Porto,1987-07-08,M,190,0,,,,
136299,Diogo da Costa Ventura,Diogo Ventura,https://sav2.fpb.pt/uploads/utilizadores/58239_1662817558.png,BASE,Portugal,Sporting Clube de Portugal,https://sav2.fpb.pt/old_uploads/CLU/CLU_169_LOGO.png,0,9,Sporting CP ,60,2021/2022,169,Sporting Clube de Portugal,SCP,1,Associação de Basquetebol de Lisboa,1994-06-24,M,194,0,,,,
193380,Diogo Ferreira Gomes,Diogo Gomes,https://sav2.fpb.pt/uploads/utilizadores/121367_1663797969.png,,Portugal,Clube Desportivo da Póvoa,https://sav2.fpb.pt/old_uploads/CLU/CLU_118_LOGO.jpg,0,4,CD Póvoa ESC Online ,60,2021/2022,118,Clube Desportivo da Póvoa,CDP,4,Associação de Basquetebol do Porto,2001-04-09,M,173,0,,,,
176602,Diogo Janeiro Peixe,Diogo Peixe,https://sav2.fpb.pt/uploads/utilizadores/104642_1663241700.png,BASE,Portugal,"Clube Amigos do Basquete da Madeira, Basquetebol SAD ",https://sav2.fpb.pt/uploads/clubes/logotipo/CLU_9871666877561.jpg,0,12,CAB Madeira ,60,2021/2022,987,"Clube Amigos do Basquete da Madeira, Basquetebol SAD ",CAB,6,Associação de Basquetebol da Madeira,2000-01-17,M,191,89,,,,
170452,Diogo Mendes de Araújo,Diogo Araújo,https://sav2.fpb.pt/uploads/utilizadores/99168_1662817583.png,EXTREMO / POSTE,Portugal,Sporting Clube de Portugal,https://sav2.fpb.pt/old_uploads/CLU/CLU_169_LOGO.png,0,20,Sporting CP ,60,2021/2022,169,Sporting Clube de Portugal,SCP,1,Associação de Basquetebol de Lisboa,1997-04-16,M,199,88,,,,
150447,Diogo Rodrigues Gameiro,Diogo Gameiro,https://sav2.fpb.pt/uploads/utilizadores/70000_1662745119.png,BASE,Portugal,Sport Lisboa e Benfica,https://sav2.fpb.pt/old_uploads/CLU/CLU_127_LOGO.png,0,13,SL Benfica ,60,2021/2022,127,Sport Lisboa e Benfica,SLB,1,Associação de Basquetebol de Lisboa,1995-08-13,M,183,0,https://sav2.fpb.pt/uploads/utilizadores/foto_acao150447_1616105055.jpg,,,
273160,Dontae Evon Bruner,Dontae Bruner,https://sav2.fpb.pt/uploads/utilizadores/223864_1632333911.png,,Estados Unidos da América,Imortal Basket Club,https://sav2.fpb.pt/old_uploads/CLU/CLU_2932_LOGO.png,0,23,Imortal LUZiGÁS ,60,2021/2022,2932,Imortal Basket Club,IBC,9,Associação de Basquetebol do Algarve ,1997-12-31,M,206,0,,,,
157282,Eduardo Evaristo Guimarães,Eduardo Guimarães,https://sav2.fpb.pt/uploads/utilizadores/85013_1665741367.png,,Portugal,Associação Académica de Coimbra,https://sav2.fpb.pt/uploads/clubes/logotipo/Associacao_Academica_de_Coimbra1596300872.png,0,25,Académica EFAPEL ,60,2021/2022,39,Associação Académica de Coimbra,AAC,8,Associação de Basquetebol de Coimbra,1992-09-24,M,186,0,,,,
219390,Eduardo Filipe Morete Dos Santos ,Eduardo Santos,https://sav2.fpb.pt/uploads/utilizadores/147473_1663798004.png,,Portugal,Clube Desportivo da Póvoa,https://sav2.fpb.pt/old_uploads/CLU/CLU_118_LOGO.jpg,0,6,CD Póvoa ESC Online ,60,2021/2022,118,Clube Desportivo da Póvoa,CDP,4,Associação de Basquetebol do Porto,2003-12-11,M,202,0,,,,
266618,Eduardo Mingas Francisco,Eduardo Francisco,https://sav2.fpb.pt/uploads/utilizadores/194540_1662745140.png,EXTREMO / POSTE,Angola,Sport Lisboa e Benfica,https://sav2.fpb.pt/old_uploads/CLU/CLU_127_LOGO.png,0,5,SL Benfica Sub23 ,60,2021/2022,127,Sport Lisboa e Benfica,SLB,1,Associação de Basquetebol de Lisboa,2003-11-05,M,200,0,,,,
171229,Emanuel Lopes Correia de Sá,Emanuel Sá,https://sav2.fpb.pt/uploads/utilizadores/98666_1663861245.png,EXTREMO,Portugal,Imortal Basket Club,https://sav2.fpb.pt/old_uploads/CLU/CLU_2932_LOGO.png,0,6,Imortal BC Luzigás ,60,2021/2022,2932,Imortal Basket Club,IBC,9,Associação de Basquetebol do Algarve ,1993-11-29,M,200,95,,,,
249300,Eric Nathaniel Coleman,Eric Coleman,https://sav2.fpb.pt/uploads/utilizadores/177292_1632672867.png,,Estados Unidos da América,Vitória Sport Clube,https://sav2.fpb.pt/old_uploads/CLU/CLU_2300_LOGO.png,0,2,Vitória SC ,60,2021/2022,2300,Vitória Sport Clube,VSC,5,Associação de Basquetebol de Braga,1985-08-08,M,201,0,,,,
143610,Fábio Arlindo da Cruz Lima,Fábio Lima,https://sav2.fpb.pt/uploads/utilizadores/82610_1663877000.png,EXTREMO,Portugal,Imortal Basket Club,https://sav2.fpb.pt/old_uploads/CLU/CLU_2932_LOGO.png,0,10,Imortal BC Luzigás ,60,2021/2022,2932,Imortal Basket Club,IBC,9,Associação de Basquetebol do Algarve ,1988-08-18,M,198,96,,,,
210905,Fábio Miguel Costa Valverde Pepe Dias,Fábio Dias,https://sav2.fpb.pt/uploads/utilizadores/138708_1642676143.png,,Portugal,Associação Académica de Coimbra,https://sav2.fpb.pt/uploads/clubes/logotipo/Associacao_Academica_de_Coimbra1596300872.png,0,,Académica EFAPEL ,60,2021/2022,39,Associação Académica de Coimbra,AAC,8,Associação de Basquetebol de Coimbra,2001-12-01,M,0,0,,,,
262463,Feliciano Perez Neto,Feliciano Neto,https://sav2.fpb.pt/uploads/utilizadores/190390_1645047140.png,POSTE,Brasil,União Desportiva Oliveirense,https://sav2.fpb.pt/old_uploads/CLU/CLU_28_LOGO.png,0,1,UD Oliveirense ,60,2021/2022,28,União Desportiva Oliveirense,UDO,3,Associação de Basquetebol de Aveiro,1990-05-23,M,210,0,,,,
191364,Fernando Augusto Machado Ferreira,Fernando Ferreira,https://sav2.fpb.pt/uploads/utilizadores/119971_1663858606.png,EXTREMO / POSTE,Portugal,Sport Club Lusitânia ,https://sav2.fpb.pt/old_uploads/CLU/CLU_76_LOGO.png,0,15,SC Lusitânia Expert ,60,2021/2022,76,Sport Club Lusitânia ,SCL,13,Associação de Basquetebol da Ilha Terceira ,1994-11-10,M,200,120,https://sav2.fpb.pt/uploads/utilizadores/foto_acao191364_1668203462.jpg,,,
246181,Filip Hans Herbert Herman Gewert,Filip Gewert,https://sav2.fpb.pt/uploads/utilizadores/174176_1663877112.png,EXTREMO / POSTE,Suécia,Imortal Basket Club,https://sav2.fpb.pt/old_uploads/CLU/CLU_2932_LOGO.png,0,46,Imortal BC Luzigás ,60,2021/2022,2932,Imortal Basket Club,IBC,9,Associação de Basquetebol do Algarve ,2002-11-12,M,202,88,,,,
244862,Filip Simic,Filip Simic,https://sav2.fpb.pt/uploads/utilizadores/172865_1632846618.png,,Sérvia,Associação Académica de Coimbra,https://sav2.fpb.pt/uploads/clubes/logotipo/Associacao_Academica_de_Coimbra1596300872.png,0,1,Académica EFAPEL ,60,2021/2022,39,Associação Académica de Coimbra,AAC,8,Associação de Basquetebol de Coimbra,1990-05-11,M,185,0,,,,
134318,Francisco Andrade Amiel,Francisco Amiel,https://sav2.fpb.pt/uploads/utilizadores/55372_1663801411.png,BASE,Portugal,Sport Club Lusitânia ,https://sav2.fpb.pt/old_uploads/CLU/CLU_76_LOGO.png,0,6,Lusitânia Expert ,60,2021/2022,76,Sport Club Lusitânia ,SCL,13,Associação de Basquetebol da Ilha Terceira ,1996-01-20,M,189,0,,https://www.facebook.com/francisco.amiel,https://www.instagram.com/franciscoamiel,https://twitter.com/franciscoaamiel
152194,Francisco Bastos Albergaria,Francisco Albergaria,https://sav2.fpb.pt/uploads/utilizadores/71827_1634636599.png,BASE,Portugal,União Desportiva Oliveirense,https://sav2.fpb.pt/old_uploads/CLU/CLU_28_LOGO.png,0,86,UD Oliveirense ,60,2021/2022,28,União Desportiva Oliveirense,UDO,3,Associação de Basquetebol de Aveiro,1997-02-10,M,184,75,https://sav2.fpb.pt/uploads/utilizadores/foto_acao152194_1602253231.jpg,,,
198294,Francisco Couto Jardim,Francisco Jardim,https://sav2.fpb.pt/uploads/utilizadores/125938_1633625554.png,,Portugal,"Clube Amigos do Basquete da Madeira, Basquetebol SAD ",https://sav2.fpb.pt/uploads/clubes/logotipo/CLU_9871666877561.jpg,0,7,CAB Madeira SAD ,60,2021/2022,987,"Clube Amigos do Basquete da Madeira, Basquetebol SAD ",CAB,6,Associação de Basquetebol da Madeira,2003-05-13,M,177,0,,,,
199884,Francisco José Ribau Amarante,Francisco Amarante,https://sav2.fpb.pt/uploads/utilizadores/127925_1662647708.png,BASE / EXTREMO,Portugal,Futebol Clube do Porto,https://sav2.fpb.pt/old_uploads/CLU/CLU_120_LOGO.png,0,6,FC Porto ,60,2021/2022,120,Futebol Clube do Porto,FCP,4,Associação de Basquetebol do Porto,2000-03-24,M,195,94,,,,
210794,Francisco Oliveira Ortins Cardoso,Francisco Cardoso,,,Portugal,Sport Club Lusitânia ,https://sav2.fpb.pt/old_uploads/CLU/CLU_76_LOGO.png,0,3,SC Lusitânia SUB 18 ,60,2021/2022,76,Sport Club Lusitânia ,SCL,13,Associação de Basquetebol da Ilha Terceira ,2004-11-27,M,0,0,,,,
277848,Frank Brandon Gaines,Frank Gaines,https://sav2.fpb.pt/uploads/utilizadores/229194_1638722745.png,BASE / EXTREMO,Estados Unidos da América,Sport Lisboa e Benfica,https://sav2.fpb.pt/old_uploads/CLU/CLU_127_LOGO.png,0,0,SL Benfica ,60,2021/2022,127,Sport Lisboa e Benfica,SLB,1,Associação de Basquetebol de Lisboa,1990-07-07,M,193,0,,,,
273176,Fredrick Maurice Thomas,Fredrick Thomas,https://sav2.fpb.pt/uploads/utilizadores/223881_1632864722.png,,Estados Unidos da América,"Clube Amigos do Basquete da Madeira, Basquetebol SAD ",https://sav2.fpb.pt/uploads/clubes/logotipo/CLU_9871666877561.jpg,0,1,CAB Madeira SAD ,60,2021/2022,987,"Clube Amigos do Basquete da Madeira, Basquetebol SAD ",CAB,6,Associação de Basquetebol da Madeira,1993-06-13,M,196,0,,,,
211165,Gabriel Rubinstein de Figueiredo,Gabriel Figueiredo,https://sav2.fpb.pt/uploads/utilizadores/140281_1665741428.png,,Portugal,Associação Académica de Coimbra,https://sav2.fpb.pt/uploads/clubes/logotipo/Associacao_Academica_de_Coimbra1596300872.png,0,6,Académica EFAPEL ,60,2021/2022,39,Associação Académica de Coimbra,AAC,8,Associação de Basquetebol de Coimbra,2002-04-06,M,187,0,,,,
200711,Guilherme de Góis Saiote,Guilherme Saiote,https://sav2.fpb.pt/uploads/utilizadores/128703_1663877147.png,BASE,Portugal,Sport Lisboa e Benfica,https://sav2.fpb.pt/old_uploads/CLU/CLU_127_LOGO.png,0,10,SL Benfica B ,60,2021/2022,127,Sport Lisboa e Benfica,SLB,1,Associação de Basquetebol de Lisboa,2002-05-10,M,186,80,,,,
218937,Guilherme Ramos Nunes,Guilherme Nunes,https://sav2.fpb.pt/uploads/utilizadores/147020_1663798598.png,,Portugal,Clube Desportivo da Póvoa,https://sav2.fpb.pt/old_uploads/CLU/CLU_118_LOGO.jpg,0,28,CD Póvoa ESC Online ,60,2021/2022,118,Clube Desportivo da Póvoa,CDP,4,Associação de Basquetebol do Porto,2003-04-05,M,197,0,,,,
192728,Gustavo Brandao Teixeira,Gustavo Teixeira,https://sav2.fpb.pt/uploads/utilizadores/120904_1663801450.png,,Portugal,A.D.O. Basquetebol da Associação Desportiva Ovarense,https://sav2.fpb.pt/uploads/clubes/logotipo/CLU_121663058006.png,0,20,Ovarense GAVEX ,60,2021/2022,12,A.D.O. Basquetebol da Associação Desportiva Ovarense,OVA,3,Associação de Basquetebol de Aveiro,2000-07-26,M,189,73,,,,
228390,Gustavo da Cunha Leal Dinis Guerra,Gustavo Guerra,https://sav2.fpb.pt/uploads/utilizadores/156442_1650986746.png,,Portugal,Associação Académica de Coimbra,https://sav2.fpb.pt/uploads/clubes/logotipo/Associacao_Academica_de_Coimbra1596300872.png,0,,Académica Sub23 ,60,2021/2022,39,Associação Académica de Coimbra,AAC,8,Associação de Basquetebol de Coimbra,2003-08-11,M,0,0,,,,
82106,Helder João Reis Gomes de Carvalho,Helder Carvalho,https://sav2.fpb.pt/uploads/utilizadores/15686_1646907953.png,,Portugal,Associação Académica de Coimbra,https://sav2.fpb.pt/uploads/clubes/logotipo/Associacao_Academica_de_Coimbra1596300872.png,0,13,Académica EFAPEL ,60,2021/2022,39,Associação Académica de Coimbra,AAC,8,Associação de Basquetebol de Coimbra,1984-05-27,M,0,0,,,,
168802,Hugo Cesar Correia Sá Sotta,Hugo Sotta,https://sav2.fpb.pt/uploads/utilizadores/96195_1663796628.png,,Portugal,Vitória Sport Clube,https://sav2.fpb.pt/old_uploads/CLU/CLU_2300_LOGO.png,0,8,Vitória SC ,60,2021/2022,2300,Vitória Sport Clube,VSC,5,Associação de Basquetebol de Braga,1993-07-15,M,205,100,,,,
193812,Hugo Miguel Vieitas Ferreira da Silva,Hugo Silva,https://sav2.fpb.pt/uploads/utilizadores/122685_1638722823.png,EXTREMO / POSTE,Portugal,Sport Lisboa e Benfica,https://sav2.fpb.pt/old_uploads/CLU/CLU_127_LOGO.png,0,9,SL Benfica ,60,2021/2022,127,Sport Lisboa e Benfica,SLB,1,Associação de Basquetebol de Lisboa,2002-05-06,M,203,0,,,,
176575,Ivan Freitas Almeida,Ivan Almeida,https://sav2.fpb.pt/uploads/utilizadores/104216_1662745162.png,EXTREMO,Portugal,Sport Lisboa e Benfica,https://sav2.fpb.pt/old_uploads/CLU/CLU_127_LOGO.png,0,96,SL Benfica ,60,2021/2022,127,Sport Lisboa e Benfica,SLB,1,Associação de Basquetebol de Lisboa,1989-05-10,M,198,0,,,,
273261,Jacob Everett Gibson,Jacob Gibson,https://sav2.fpb.pt/uploads/utilizadores/223976_1632676004.png,,Estados Unidos da América,Sport Club Lusitânia ,https://sav2.fpb.pt/old_uploads/CLU/CLU_76_LOGO.png,0,34,Lusitânia Expert ,60,2021/2022,76,Sport Club Lusitânia ,SCL,13,Associação de Basquetebol da Ilha Terceira ,1993-09-28,M,196,0,,,,
273175,Jalan Taraune Mccloud,Jalan Mccloud,https://sav2.fpb.pt/uploads/utilizadores/223880_1632864679.png,,Estados Unidos da América,"Clube Amigos do Basquete da Madeira, Basquetebol SAD ",https://sav2.fpb.pt/uploads/clubes/logotipo/CLU_9871666877561.jpg,0,32,CAB Madeira SAD ,60,2021/2022,987,"Clube Amigos do Basquete da Madeira, Basquetebol SAD ",CAB,6,Associação de Basquetebol da Madeira,1995-06-13,M,178,0,,,,
272932,James Anthony Farr,James Farr,https://sav2.fpb.pt/uploads/utilizadores/223592_1638722893.png,POSTE,Estados Unidos da América,Sport Lisboa e Benfica,https://sav2.fpb.pt/old_uploads/CLU/CLU_127_LOGO.png,0,2,SL Benfica ,60,2021/2022,127,Sport Lisboa e Benfica,SLB,1,Associação de Basquetebol de Lisboa,1992-11-02,M,208,0,,,,
279673,James Southerland,James Southerland,https://sav2.fpb.pt/uploads/utilizadores/231168_1644245801.png,,Estados Unidos da América,"Clube Amigos do Basquete da Madeira, Basquetebol SAD ",https://sav2.fpb.pt/uploads/clubes/logotipo/CLU_9871666877561.jpg,0,2,CAB Madeira SAD ,60,2021/2022,987,"Clube Amigos do Basquete da Madeira, Basquetebol SAD ",CAB,6,Associação de Basquetebol da Madeira,1990-04-28,M,0,0,,,,
137573,Jaques Leandro Pinto Nzadi Conceição,Jaques Conceição,https://sav2.fpb.pt/uploads/utilizadores/57726_1663877169.png,BASE / EXTREMO,Portugal,Sport Club Lusitânia ,https://sav2.fpb.pt/old_uploads/CLU/CLU_76_LOGO.png,0,37,Lusitânia Expert ,60,2021/2022,76,Sport Club Lusitânia ,SCL,13,Associação de Basquetebol da Ilha Terceira ,1989-09-04,M,184,92,,,,
213694,Jason Astley Guimarães Catarino,Jason Catarino,https://sav2.fpb.pt/uploads/utilizadores/142058_1632334100.png,BASE / EXTREMO,Portugal,Imortal Basket Club,https://sav2.fpb.pt/old_uploads/CLU/CLU_2932_LOGO.png,0,19,Imortal BC Sub23 ,60,2021/2022,2932,Imortal Basket Club,IBC,9,Associação de Basquetebol do Algarve ,2003-02-23,M,194,0,,,,
274542,Jason Bryant Carter,Jason Carter,https://sav2.fpb.pt/uploads/utilizadores/225511_1633864627.png,POSTE,Estados Unidos da América,Sport Club Lusitânia ,https://sav2.fpb.pt/old_uploads/CLU/CLU_76_LOGO.png,0,23,Lusitânia Expert ,60,2021/2022,76,Sport Club Lusitânia ,SCL,13,Associação de Basquetebol da Ilha Terceira ,1992-02-21,M,205,112,,,,
268875,Jaylen Alexander Key,Jaylen Key,https://sav2.fpb.pt/uploads/utilizadores/218911_1633382088.png,,Estados Unidos da América,Illiabum Clube ,https://sav2.fpb.pt/uploads/clubes/logotipo/Illiabum_Clube1602333892.png,0,15,Illiabum Clube ,60,2021/2022,22,Illiabum Clube ,ILL,3,Associação de Basquetebol de Aveiro,1997-05-09,M,203,0,,,,
239368,Jeremias Salomão Manjate,Jeremias Manjate,https://sav2.fpb.pt/uploads/utilizadores/167381_1666604824.png,,Moçambique,Vitória Sport Clube,https://sav2.fpb.pt/old_uploads/CLU/CLU_2300_LOGO.png,0,20,Vitória SC ,60,2021/2022,2300,Vitória Sport Clube,VSC,5,Associação de Basquetebol de Braga,1998-11-10,M,205,105,,,,
193259,João Filipe Arroja Neves,João Neves,https://sav2.fpb.pt/uploads/utilizadores/121070_1632335209.png,,Portugal,Imortal Basket Club,https://sav2.fpb.pt/old_uploads/CLU/CLU_2932_LOGO.png,0,17,Imortal LUZiGÁS ,60,2021/2022,2932,Imortal Basket Club,IBC,9,Associação de Basquetebol do Algarve ,1999-12-16,M,202,0,,,,
220987,João Filipe Assis Rodrigues,João Rodrigues,https://sav2.fpb.pt/uploads/utilizadores/149070_1632335263.png,EXTREMO,Portugal,Imortal Basket Club,https://sav2.fpb.pt/old_uploads/CLU/CLU_2932_LOGO.png,0,25,Imortal BC Sub23 ,60,2021/2022,2932,Imortal Basket Club,IBC,9,Associação de Basquetebol do Algarve ,2004-01-22,M,198,86,,,,
168201,João Filipe Brites Ribeiro,João Ribeiro,https://sav2.fpb.pt/uploads/utilizadores/96570_1663691114.png,,Portugal,Sport Club Lusitânia ,https://sav2.fpb.pt/old_uploads/CLU/CLU_76_LOGO.png,0,12,Lusitânia Expert ,60,2021/2022,76,Sport Club Lusitânia ,SCL,13,Associação de Basquetebol da Ilha Terceira ,1993-07-30,M,202,0,,,,
157785,João Filipe Valente Soares da Costa Maia,João Maia,https://sav2.fpb.pt/uploads/utilizadores/84615_1641685821.png,EXTREMO,Portugal,Futebol Clube do Porto,https://sav2.fpb.pt/old_uploads/CLU/CLU_120_LOGO.png,0,17,FC Porto ,60,2021/2022,120,Futebol Clube do Porto,FCP,4,Associação de Basquetebol do Porto,1990-03-27,M,2,97,,,,
168487,João Francisco Mateus Oliveira,João Oliveira,https://sav2.fpb.pt/uploads/utilizadores/97093_1666623388.png,,Portugal,A.D.O. Basquetebol da Associação Desportiva Ovarense,https://sav2.fpb.pt/uploads/clubes/logotipo/CLU_121663058006.png,0,24,Ovarense Sub23 ,60,2021/2022,12,A.D.O. Basquetebol da Associação Desportiva Ovarense,OVA,3,Associação de Basquetebol de Aveiro,1999-08-06,M,190,0,,,,
207171,João Henrique Torres Santos,João Santos,https://sav2.fpb.pt/uploads/utilizadores/135437_1666033885.png,,Portugal,Clube Desportivo da Póvoa,https://sav2.fpb.pt/old_uploads/CLU/CLU_118_LOGO.jpg,0,6,CD Póvoa Sub23 ,60,2021/2022,118,Clube Desportivo da Póvoa,CDP,4,Associação de Basquetebol do Porto,2000-03-09,M,185,0,,,,
124572,João Miguel Rodrigues Guerreiro,João Guerreiro,https://sav2.fpb.pt/uploads/utilizadores/43410_1662647726.png,EXTREMO / POSTE,Portugal,União Desportiva Oliveirense,https://sav2.fpb.pt/old_uploads/CLU/CLU_28_LOGO.png,0,7,UD Oliveirense ,60,2021/2022,28,União Desportiva Oliveirense,UDO,3,Associação de Basquetebol de Aveiro,1990-10-10,M,206,0,,,,
185166,João Paulo da Costa Fernandes,João Fernandes,https://sav2.fpb.pt/uploads/utilizadores/112955_1662817659.png,EXTREMO / POSTE,Angola,Sporting Clube de Portugal,https://sav2.fpb.pt/old_uploads/CLU/CLU_169_LOGO.png,0,13,Sporting CP ,60,2021/2022,169,Sporting Clube de Portugal,SCP,1,Associação de Basquetebol de Lisboa,1992-12-01,M,200,100,,,https://www.instagram.com/biodbg/,
167835,João Pedro Ascenso Grosso,João Grosso,https://sav2.fpb.pt/uploads/utilizadores/95104_1634635630.png,EXTREMO,Portugal,União Desportiva Oliveirense,https://sav2.fpb.pt/old_uploads/CLU/CLU_28_LOGO.png,0,5,UD Oliveirense ,60,2021/2022,28,União Desportiva Oliveirense,UDO,3,Associação de Basquetebol de Aveiro,1994-02-11,M,196,104,https://sav2.fpb.pt/uploads/utilizadores/foto_acao167835_1595168997.jpg,https://www.facebook.com/joaopedro.grosso,,
175533,João Pedro Gallina,João Gallina,https://sav2.fpb.pt/uploads/utilizadores/103891_1666604847.png,EXTREMO,Portugal,Vitória Sport Clube,https://sav2.fpb.pt/old_uploads/CLU/CLU_2300_LOGO.png,0,13,Vitória SC ,60,2021/2022,2300,Vitória Sport Clube,VSC,5,Associação de Basquetebol de Braga,1994-02-21,M,1,90,,,,
156274,João Pedro Lopes Nogueira Stuart Torrie,João Torrie,https://sav2.fpb.pt/uploads/utilizadores/74593_1668536138.JPG,POSTE,Portugal,Futebol Clube do Porto,https://sav2.fpb.pt/old_uploads/CLU/CLU_120_LOGO.png,0,2,FC Porto ,60,2021/2022,120,Futebol Clube do Porto,FCP,4,Associação de Basquetebol do Porto,1991-03-20,M,200,0,,,,
166980,João Pedro Mendes Teixeira,João Teixeira,https://sav2.fpb.pt/uploads/utilizadores/94856_1632675863.png,,Portugal,Sport Club Lusitânia ,https://sav2.fpb.pt/old_uploads/CLU/CLU_76_LOGO.png,0,13,Lusitânia Expert ,60,2021/2022,76,Sport Club Lusitânia ,SCL,13,Associação de Basquetebol da Ilha Terceira ,1995-09-23,M,186,0,,,,
130786,João Rainho Balseiro,João Balseiro,https://sav2.fpb.pt/uploads/utilizadores/52668_1663795471.png,EXTREMO,Portugal,União Desportiva Oliveirense,https://sav2.fpb.pt/old_uploads/CLU/CLU_28_LOGO.png,0,24,UD Oliveirense ,60,2021/2022,28,União Desportiva Oliveirense,UDO,3,Associação de Basquetebol de Aveiro,1987-03-14,M,192,79,https://sav2.fpb.pt/uploads/utilizadores/foto_acao130786_1595167146.jpg,https://www.facebook.com/joao.balseiro,,
150245,João Roberto Correia Gomes,João Gomes,https://sav2.fpb.pt/uploads/utilizadores/82853_1662745224.png,EXTREMO,Portugal,Sport Lisboa e Benfica,https://sav2.fpb.pt/old_uploads/CLU/CLU_127_LOGO.png,0,15,SL Benfica ,60,2021/2022,127,Sport Lisboa e Benfica,SLB,1,Associação de Basquetebol de Lisboa,1985-02-05,M,200,0,,,,
218208,João Tiago de Sequeira Ribeiro Nunes,João Nunes,https://sav2.fpb.pt/uploads/utilizadores/146291_1632673900.png,,Portugal,Vitória Sport Clube,https://sav2.fpb.pt/old_uploads/CLU/CLU_2300_LOGO.png,0,32,Vitória SC ,60,2021/2022,2300,Vitória Sport Clube,VSC,5,Associação de Basquetebol de Braga,1999-09-21,M,191,87,,,,
246300,João Vitor dos Santos Embaló,João Embaló,https://sav2.fpb.pt/uploads/utilizadores/174295_1663798685.png,,Cabo Verde,Clube Desportivo da Póvoa,https://sav2.fpb.pt/old_uploads/CLU/CLU_118_LOGO.jpg,0,46,CD Póvoa ESC Online ,60,2021/2022,118,Clube Desportivo da Póvoa,CDP,4,Associação de Basquetebol do Porto,2001-08-09,M,201,0,,,,
114816,Joaquim Ferreira de Matos Grilo Pires,Joaquim Pires,https://sav2.fpb.pt/uploads/utilizadores/84146_1632675760.png,,Portugal,Sport Club Lusitânia ,https://sav2.fpb.pt/old_uploads/CLU/CLU_76_LOGO.png,0,7,Lusitânia Expert ,60,2021/2022,76,Sport Club Lusitânia ,SCL,13,Associação de Basquetebol da Ilha Terceira ,1987-03-14,M,191,0,,,,
276646,John Richard Florveus,John Florveus,https://sav2.fpb.pt/uploads/utilizadores/227885_1637092731.png,,Estados Unidos da América,A.D.O. Basquetebol da Associação Desportiva Ovarense,https://sav2.fpb.pt/uploads/clubes/logotipo/CLU_121663058006.png,0,32,Ovarense GAVEX ,60,2021/2022,12,A.D.O. Basquetebol da Associação Desportiva Ovarense,OVA,3,Associação de Basquetebol de Aveiro,1990-10-10,M,0,0,,,,
273084,Jonas Zakas,Jonas Zakas,https://sav2.fpb.pt/uploads/utilizadores/223775_1632864593.png,,Lituânia,"Clube Amigos do Basquete da Madeira, Basquetebol SAD ",https://sav2.fpb.pt/uploads/clubes/logotipo/CLU_9871666877561.jpg,0,47,CAB Madeira SAD ,60,2021/2022,987,"Clube Amigos do Basquete da Madeira, Basquetebol SAD ",CAB,6,Associação de Basquetebol da Madeira,1997-10-14,M,190,0,,,,
269979,Jonathan Ferreira Machado da Silva,Jonathan Silva,https://sav2.fpb.pt/uploads/utilizadores/220275_1663877195.png,EXTREMO / POSTE,Brasil,Imortal Basket Club,https://sav2.fpb.pt/old_uploads/CLU/CLU_2932_LOGO.png,0,16,Imortal BC Luzigás ,60,2021/2022,2932,Imortal Basket Club,IBC,9,Associação de Basquetebol do Algarve ,2003-11-17,M,198,114,,,,
272928,Jonathan Harold Arledge,Jonathan Arledge,https://sav2.fpb.pt/uploads/utilizadores/223588_1631022098.png,,Estados Unidos da América,Futebol Clube do Porto,https://sav2.fpb.pt/old_uploads/CLU/CLU_120_LOGO.png,0,21,FC Porto ,60,2021/2022,120,Futebol Clube do Porto,FCP,4,Associação de Basquetebol do Porto,1991-09-21,M,2,0,,,,
214779,Jorge Amadu Embaló,Jorge Embaló,https://sav2.fpb.pt/uploads/utilizadores/142875_1663241742.png,EXTREMO,Guiné-Bissau,"Clube Amigos do Basquete da Madeira, Basquetebol SAD ",https://sav2.fpb.pt/uploads/clubes/logotipo/CLU_9871666877561.jpg,0,13,CAB Madeira ,60,2021/2022,987,"Clube Amigos do Basquete da Madeira, Basquetebol SAD ",CAB,6,Associação de Basquetebol da Madeira,1999-07-20,M,195,85,,,,
201110,Jorge Cunha Rodrigues,Jorge Rodrigues,https://sav2.fpb.pt/uploads/utilizadores/129227_1663798368.png,,Portugal,Clube Desportivo da Póvoa,https://sav2.fpb.pt/old_uploads/CLU/CLU_118_LOGO.jpg,0,5,CD Póvoa ESC Online ,60,2021/2022,118,Clube Desportivo da Póvoa,CDP,4,Associação de Basquetebol do Porto,2003-05-07,M,186,0,,,,
230595,José Carlos Miranda Machado,José Machado,https://sav2.fpb.pt/uploads/utilizadores/158631_1667502814.png,,Portugal,Associação Académica de Coimbra,https://sav2.fpb.pt/uploads/clubes/logotipo/Associacao_Academica_de_Coimbra1596300872.png,0,24,Académica Sub23 ,60,2021/2022,39,Associação Académica de Coimbra,AAC,8,Associação de Basquetebol de Coimbra,2003-12-11,M,181,0,,,,
139461,José Carlos Vilhena da Silva,José Silva,https://sav2.fpb.pt/uploads/utilizadores/58870_1662745248.png,EXTREMO,Portugal,Sport Lisboa e Benfica,https://sav2.fpb.pt/old_uploads/CLU/CLU_127_LOGO.png,0,4,SL Benfica ,60,2021/2022,127,Sport Lisboa e Benfica,SLB,1,Associação de Basquetebol de Lisboa,1989-04-16,M,194,89,,,,
125975,José Miguel Soares Barbosa,José Barbosa,https://sav2.fpb.pt/uploads/utilizadores/48670_1662745270.png,BASE,Portugal,Sport Lisboa e Benfica,https://sav2.fpb.pt/old_uploads/CLU/CLU_127_LOGO.png,0,6,SL Benfica ,60,2021/2022,127,Sport Lisboa e Benfica,SLB,1,Associação de Basquetebol de Lisboa,1990-10-18,M,178,74,https://sav2.fpb.pt/uploads/utilizadores/foto_acao125975_1665846077.jpg,https://www.facebook.com/jose.barbosa.37266,,
205242,José Pedro Vieira Jesus,José Jesus,https://sav2.fpb.pt/uploads/utilizadores/133481_1665434685.png,,Portugal,"Clube Amigos do Basquete da Madeira, Basquetebol SAD ",https://sav2.fpb.pt/uploads/clubes/logotipo/CLU_9871666877561.jpg,0,16,CAB Madeira SAD ,60,2021/2022,987,"Clube Amigos do Basquete da Madeira, Basquetebol SAD ",CAB,6,Associação de Basquetebol da Madeira,2004-04-21,M,200,0,,,,
272934,Joshua Kyle Patton,Joshua Patton,https://sav2.fpb.pt/uploads/utilizadores/223594_1670431582.png,,Estados Unidos da América,Sporting Clube de Portugal,https://sav2.fpb.pt/old_uploads/CLU/CLU_169_LOGO.png,0,30,Sporting CP ,60,2021/2022,169,Sporting Clube de Portugal,SCP,1,Associação de Basquetebol de Lisboa,1997-03-07,M,203,0,,,,
269083,Joshua Lee Mcnair,Joshua Mcnair,https://sav2.fpb.pt/uploads/utilizadores/219197_1632846897.png,,Estados Unidos da América,Associação Académica de Coimbra,https://sav2.fpb.pt/uploads/clubes/logotipo/Associacao_Academica_de_Coimbra1596300872.png,0,12,Académica EFAPEL ,60,2021/2022,39,Associação Académica de Coimbra,AAC,8,Associação de Basquetebol de Coimbra,1996-08-07,M,200,0,,,,
273329,Julien Dimitri Ducree,Julien Ducree,https://sav2.fpb.pt/uploads/utilizadores/224055_1663795527.png,,Estados Unidos da América,Sport Club Lusitânia ,https://sav2.fpb.pt/old_uploads/CLU/CLU_76_LOGO.png,0,54,Lusitânia Expert ,60,2021/2022,76,Sport Club Lusitânia ,SCL,13,Associação de Basquetebol da Ilha Terceira ,1997-03-31,M,202,0,,,,
279678,Justin Adetola Tuoyo,Justin Tuoyo,https://sav2.fpb.pt/uploads/utilizadores/231173_1642603502.png,,Estados Unidos da América,Sporting Clube de Portugal,https://sav2.fpb.pt/old_uploads/CLU/CLU_169_LOGO.png,0,4,Sporting CP ,60,2021/2022,169,Sporting Clube de Portugal,SCP,1,Associação de Basquetebol de Lisboa,1994-06-18,M,0,0,,,,
273085,Kai Shaborn Mitchell Watkins,Kai Watkins,https://sav2.fpb.pt/uploads/utilizadores/223776_1632864634.png,,Estados Unidos da América,"Clube Amigos do Basquete da Madeira, Basquetebol SAD ",https://sav2.fpb.pt/uploads/clubes/logotipo/CLU_9871666877561.jpg,0,14,CAB Madeira SAD ,60,2021/2022,987,"Clube Amigos do Basquete da Madeira, Basquetebol SAD ",CAB,6,Associação de Basquetebol da Madeira,1997-02-15,M,201,0,,,,
273168,Kameron Jamal Chatman,Kameron Chatman,https://sav2.fpb.pt/uploads/utilizadores/223872_1633006284.png,,Estados Unidos da América,A.D.O. Basquetebol da Associação Desportiva Ovarense,https://sav2.fpb.pt/uploads/clubes/logotipo/CLU_121663058006.png,0,3,Ovarense GAVEX ,60,2021/2022,12,A.D.O. Basquetebol da Associação Desportiva Ovarense,OVA,3,Associação de Basquetebol de Aveiro,1996-06-01,M,201,0,,,,
273171,Kameron James Haynes Hankerson,Kameron Hankerson,https://sav2.fpb.pt/uploads/utilizadores/223875_1633006357.png,,Estados Unidos da América,A.D.O. Basquetebol da Associação Desportiva Ovarense,https://sav2.fpb.pt/uploads/clubes/logotipo/CLU_121663058006.png,0,6,Ovarense GAVEX ,60,2021/2022,12,A.D.O. Basquetebol da Associação Desportiva Ovarense,OVA,3,Associação de Basquetebol de Aveiro,1998-08-02,M,196,0,,,,
262532,Kendall Anthony Jacks,Kendall Jacks,https://sav2.fpb.pt/uploads/utilizadores/190459_1646907926.png,EXTREMO,Estados Unidos da América,Associação Académica de Coimbra,https://sav2.fpb.pt/uploads/clubes/logotipo/Associacao_Academica_de_Coimbra1596300872.png,0,2,Académica EFAPEL ,60,2021/2022,39,Associação Académica de Coimbra,AAC,8,Associação de Basquetebol de Coimbra,1996-06-04,M,196,0,,,,https://twitter.com/iamkendalljacks
232792,Keven Eloy Gonçalves Gomes,Keven Gomes,https://sav2.fpb.pt/uploads/utilizadores/160824_1662647742.png,POSTE,Portugal,Imortal Basket Club,https://sav2.fpb.pt/old_uploads/CLU/CLU_2932_LOGO.png,0,12,Imortal LUZiGÁS ,60,2021/2022,2932,Imortal Basket Club,IBC,9,Associação de Basquetebol do Algarve ,1995-10-29,M,211,116,,,,
203149,Krassimir João Graça Pereira,Krassimir Pereira,https://sav2.fpb.pt/uploads/utilizadores/131957_1665741447.png,,Portugal,Associação Académica de Coimbra,https://sav2.fpb.pt/uploads/clubes/logotipo/Associacao_Academica_de_Coimbra1596300872.png,0,0,Académica EFAPEL ,60,2021/2022,39,Associação Académica de Coimbra,AAC,8,Associação de Basquetebol de Coimbra,1995-02-02,M,198,0,,,,
262547,Lamar Andrew Morgan,Lamar Morgan,https://sav2.fpb.pt/uploads/utilizadores/190474_1633382125.png,,Estados Unidos da América,Illiabum Clube ,https://sav2.fpb.pt/uploads/clubes/logotipo/Illiabum_Clube1602333892.png,0,22,Illiabum Clube ,60,2021/2022,22,Illiabum Clube ,ILL,3,Associação de Basquetebol de Aveiro,1997-04-30,M,198,0,,,,
226394,Lamine Dansó Banora,Lamine Banora,https://sav2.fpb.pt/uploads/utilizadores/154452_1663858706.png,POSTE,Portugal,Illiabum Clube ,https://sav2.fpb.pt/uploads/clubes/logotipo/Illiabum_Clube1602333892.png,0,53,Illiabum Clube ,60,2021/2022,22,Illiabum Clube ,ILL,3,Associação de Basquetebol de Aveiro,2000-10-22,M,200,0,https://sav2.fpb.pt/uploads/utilizadores/foto_acao226394_1668203769.jpg,,,
215426,Luis Manuel Ferreira da Silva,Luis Silva,https://sav2.fpb.pt/uploads/utilizadores/143521_1662647767.png,EXTREMO,Portugal,Futebol Clube do Porto,https://sav2.fpb.pt/old_uploads/CLU/CLU_120_LOGO.png,0,7,FC Porto ,60,2021/2022,120,Futebol Clube do Porto,FCP,4,Associação de Basquetebol do Porto,2004-04-29,M,193,86,,,,
273133,Makram Ben Romdhane,Makram Romdhane,https://sav2.fpb.pt/uploads/utilizadores/223833_1662745318.png,EXTREMO / POSTE,Tunisia,Sport Lisboa e Benfica,https://sav2.fpb.pt/old_uploads/CLU/CLU_127_LOGO.png,0,12,SL Benfica ,60,2021/2022,127,Sport Lisboa e Benfica,SLB,1,Associação de Basquetebol de Lisboa,1989-03-27,M,206,0,,,,
262520,Malcolm Louis Drumwright,Malcolm Drumwright,https://sav2.fpb.pt/uploads/utilizadores/190447_1633096926.png,,Estados Unidos da América,Vitória Sport Clube,https://sav2.fpb.pt/old_uploads/CLU/CLU_2300_LOGO.png,0,27,Vitória SC ,60,2021/2022,2300,Vitória Sport Clube,VSC,5,Associação de Basquetebol de Braga,1995-06-27,M,192,0,,,,
162968,Manuel Fernando Sicó,Manuel Sicó,https://sav2.fpb.pt/uploads/utilizadores/91205_1666623601.png,,Portugal,Illiabum Clube ,https://sav2.fpb.pt/uploads/clubes/logotipo/Illiabum_Clube1602333892.png,0,14,Illiabum Clube ,60,2021/2022,22,Illiabum Clube ,ILL,3,Associação de Basquetebol de Aveiro,1988-12-09,M,207,0,,,,
214063,Manuel Reis Magalhães,Manuel Magalhães,https://sav2.fpb.pt/uploads/utilizadores/142193_1663691241.png,,Portugal,Vitória Sport Clube,https://sav2.fpb.pt/old_uploads/CLU/CLU_2300_LOGO.png,0,4,Vitória SC ,60,2021/2022,2300,Vitória Sport Clube,VSC,5,Associação de Basquetebol de Braga,2002-08-31,M,187,77,,,,
229047,Manuel Ribeiro Rosas,Manuel Rosas,https://sav2.fpb.pt/uploads/utilizadores/157089_1650986783.png,,Portugal,Associação Académica de Coimbra,https://sav2.fpb.pt/uploads/clubes/logotipo/Associacao_Academica_de_Coimbra1596300872.png,0,,Académica Sub23 ,60,2021/2022,39,Associação Académica de Coimbra,AAC,8,Associação de Basquetebol de Coimbra,2002-04-04,M,0,0,,,,
279454,Markus Loncar,Markus Loncar,https://sav2.fpb.pt/uploads/utilizadores/230923_1641860143.png,POSTE,Croácia,Futebol Clube do Porto,https://sav2.fpb.pt/old_uploads/CLU/CLU_120_LOGO.png,0,7,FC Porto ,60,2021/2022,120,Futebol Clube do Porto,FCP,4,Associação de Basquetebol do Porto,1996-04-08,M,213,0,,,,
273651,Matthew Nicholas Mccarthy,Matthew Mccarthy,https://sav2.fpb.pt/uploads/utilizadores/224444_1632867117.png,,Austrália,Vitória Sport Clube,https://sav2.fpb.pt/old_uploads/CLU/CLU_2300_LOGO.png,0,10,Vitória SC ,60,2021/2022,2300,Vitória Sport Clube,VSC,5,Associação de Basquetebol de Braga,1996-07-30,M,203,0,,,,
262449,Max Daniel Landis,Max Landis,https://sav2.fpb.pt/uploads/utilizadores/190376_1662648000.png,BASE,Estados Unidos da América,Futebol Clube do Porto,https://sav2.fpb.pt/old_uploads/CLU/CLU_120_LOGO.png,0,10,FC Porto ,60,2021/2022,120,Futebol Clube do Porto,FCP,4,Associação de Basquetebol do Porto,1993-02-02,M,188,0,,,,
256011,Micah Philip Downs,Micah Downs,https://sav2.fpb.pt/uploads/utilizadores/183954_1670861781.png,,Estados Unidos da América,Sporting Clube de Portugal,https://sav2.fpb.pt/old_uploads/CLU/CLU_169_LOGO.png,0,33,Sporting CP ,60,2021/2022,169,Sporting Clube de Portugal,SCP,1,Associação de Basquetebol de Lisboa,1986-09-08,M,203,0,,,,
280929,Michael Anthony Morrison,Michael Morrison,https://sav2.fpb.pt/uploads/utilizadores/232509_1646668951.png,POSTE,Estados Unidos da América,Futebol Clube do Porto,https://sav2.fpb.pt/old_uploads/CLU/CLU_120_LOGO.png,0,22,FC Porto ,60,2021/2022,120,Futebol Clube do Porto,FCP,4,Associação de Basquetebol do Porto,1989-10-31,M,207,0,,,,
200049,Miguel Cunha Rodrigues,Miguel Rodrigues,https://sav2.fpb.pt/uploads/utilizadores/128845_1663798559.png,,Portugal,Clube Desportivo da Póvoa,https://sav2.fpb.pt/old_uploads/CLU/CLU_118_LOGO.jpg,0,23,CD Póvoa ESC Online ,60,2021/2022,118,Clube Desportivo da Póvoa,CDP,4,Associação de Basquetebol do Porto,2001-02-05,M,174,0,,,,
177160,Miguel Lourenço Correia,Miguel Correia,https://sav2.fpb.pt/uploads/utilizadores/106062_1664741379.png,BASE,Portugal,Futebol Clube do Porto,https://sav2.fpb.pt/old_uploads/CLU/CLU_120_LOGO.png,0,44,FC Porto ,60,2021/2022,120,Futebol Clube do Porto,FCP,4,Associação de Basquetebol do Porto,2000-09-29,M,188,0,,,,
125679,Miguel Maria Varajão Leal Cardoso,Miguel Cardoso,https://sav2.fpb.pt/uploads/utilizadores/48749_1662647795.png,BASE,Portugal,Sporting Clube de Portugal,https://sav2.fpb.pt/old_uploads/CLU/CLU_169_LOGO.png,0,1,Sporting CP ,60,2021/2022,169,Sporting Clube de Portugal,SCP,1,Associação de Basquetebol de Lisboa,1993-01-15,M,186,0,,,,
131516,Miguel Rodrigues Vieira Toste de Freitas,Miguel Freitas,https://sav2.fpb.pt/uploads/utilizadores/52325_1632675792.png,BASE,Portugal,Sport Club Lusitânia ,https://sav2.fpb.pt/old_uploads/CLU/CLU_76_LOGO.png,0,10,Lusitânia Expert ,60,2021/2022,76,Sport Club Lusitânia ,SCL,13,Associação de Basquetebol da Ilha Terceira ,1990-09-28,M,178,75,,,,
247388,Miguel Salim Dudó Belante Baker,Miguel Baker,https://sav2.fpb.pt/uploads/utilizadores/175381_1633381859.png,,Portugal,Illiabum Clube ,https://sav2.fpb.pt/uploads/clubes/logotipo/Illiabum_Clube1602333892.png,0,1,Illiabum Clube ,60,2021/2022,22,Illiabum Clube ,ILL,3,Associação de Basquetebol de Aveiro,2004-08-24,M,198,0,,,,
154371,Miguel Tinoco Queiroz,Miguel Queiroz,https://sav2.fpb.pt/uploads/utilizadores/83456_1662647823.png,EXTREMO / POSTE,Portugal,Futebol Clube do Porto,https://sav2.fpb.pt/old_uploads/CLU/CLU_120_LOGO.png,0,11,FC Porto ,60,2021/2022,120,Futebol Clube do Porto,FCP,4,Associação de Basquetebol do Porto,1991-07-04,M,204,107,https://sav2.fpb.pt/uploads/utilizadores/foto_acao154371_1595075204.jpg,https://www.facebook.com/Miguel-Queiroz-111317902303080/,,
262514,Montell Rayshawn Goodwin,Montell Goodwin,https://sav2.fpb.pt/uploads/utilizadores/190441_1633381887.png,BASE / EXTREMO,Estados Unidos da América,Illiabum Clube ,https://sav2.fpb.pt/uploads/clubes/logotipo/Illiabum_Clube1602333892.png,0,3,Illiabum Clube ,60,2021/2022,22,Illiabum Clube ,ILL,3,Associação de Basquetebol de Aveiro,1995-09-04,M,188,0,,,,
273180,Nakye Gerald Sanders,Nakye Sanders,https://sav2.fpb.pt/uploads/utilizadores/223885_1632842985.png,,Estados Unidos da América,Clube Desportivo da Póvoa,https://sav2.fpb.pt/old_uploads/CLU/CLU_118_LOGO.jpg,0,1,CD Póvoa ,60,2021/2022,118,Clube Desportivo da Póvoa,CDP,4,Associação de Basquetebol do Porto,1997-11-01,M,203,0,,,,
224047,Nikola Tadic,Nikola Tadic,https://sav2.fpb.pt/uploads/utilizadores/223869_1633006256.png,POSTE,Sérvia,A.D.O. Basquetebol da Associação Desportiva Ovarense,https://sav2.fpb.pt/uploads/clubes/logotipo/CLU_121663058006.png,0,18,Ovarense GAVEX ,60,2021/2022,12,A.D.O. Basquetebol da Associação Desportiva Ovarense,OVA,3,Associação de Basquetebol de Aveiro,1988-11-04,M,206,0,,,,
273428,Nikola Vujovic,Nikola Vujovic,https://sav2.fpb.pt/uploads/utilizadores/224184_1632852577.png,,Sérvia,Associação Académica de Coimbra,https://sav2.fpb.pt/uploads/clubes/logotipo/Associacao_Academica_de_Coimbra1596300872.png,0,28,Académica EFAPEL ,60,2021/2022,39,Associação Académica de Coimbra,AAC,8,Associação de Basquetebol de Coimbra,1993-01-21,M,210,0,,,,
137354,Nuno Fortunato Oliveira,Nuno Oliveira,https://sav2.fpb.pt/uploads/utilizadores/57891_1663798486.png,BASE / EXTREMO,Portugal,Clube Desportivo da Póvoa,https://sav2.fpb.pt/old_uploads/CLU/CLU_118_LOGO.jpg,0,11,CD Póvoa ESC Online ,60,2021/2022,118,Clube Desportivo da Póvoa,CDP,4,Associação de Basquetebol do Porto,1989-08-20,M,183,90,,,,
208207,Nuno Miguel Camacho de Sá,Nuno Sá,https://sav2.fpb.pt/uploads/utilizadores/136187_1663241782.png,EXTREMO,Portugal,"Clube Amigos do Basquete da Madeira, Basquetebol SAD ",https://sav2.fpb.pt/uploads/clubes/logotipo/CLU_9871666877561.jpg,0,22,CAB Madeira ,60,2021/2022,987,"Clube Amigos do Basquete da Madeira, Basquetebol SAD ",CAB,6,Associação de Basquetebol da Madeira,1997-03-25,M,200,90,,,,
167755,Nuno Miguel Ferreira Brito,Nuno Brito,https://sav2.fpb.pt/uploads/utilizadores/95015_1665741408.png,,Portugal,Associação Académica de Coimbra,https://sav2.fpb.pt/uploads/clubes/logotipo/Associacao_Academica_de_Coimbra1596300872.png,0,10,Académica EFAPEL ,60,2021/2022,39,Associação Académica de Coimbra,AAC,8,Associação de Basquetebol de Coimbra,1996-02-22,M,183,0,,,,
151165,Nuno Miguel Sousa Morais,Nuno Morais,https://sav2.fpb.pt/uploads/utilizadores/70456_1663801558.png,,Portugal,Imortal Basket Club,https://sav2.fpb.pt/old_uploads/CLU/CLU_2932_LOGO.png,0,9,Imortal LUZiGÁS ,60,2021/2022,2932,Imortal Basket Club,IBC,9,Associação de Basquetebol do Algarve ,1990-02-06,M,183,0,,,,
192469,Paulo Alexandre Ruge Sereno,Paulo Sereno,https://sav2.fpb.pt/uploads/utilizadores/120349_1663798633.png,,Portugal,Clube Desportivo da Póvoa,https://sav2.fpb.pt/old_uploads/CLU/CLU_118_LOGO.jpg,0,34,CD Póvoa ESC Online ,60,2021/2022,118,Clube Desportivo da Póvoa,CDP,4,Associação de Basquetebol do Porto,1996-03-24,M,199,0,,,,
155174,Pedro Alexandre Almeida Bastos,Pedro Bastos,https://sav2.fpb.pt/uploads/utilizadores/72224_1663691182.png,BASE,Portugal,A.D.O. Basquetebol da Associação Desportiva Ovarense,https://sav2.fpb.pt/uploads/clubes/logotipo/CLU_121663058006.png,0,15,Ovarense GAVEX ,60,2021/2022,12,A.D.O. Basquetebol da Associação Desportiva Ovarense,OVA,3,Associação de Basquetebol de Aveiro,1994-10-24,M,188,78,,,,
169338,Pedro Baptista Oliveira,Pedro Oliveira,https://sav2.fpb.pt/uploads/utilizadores/97906_1663858774.png,BASE,Portugal,A.D.O. Basquetebol da Associação Desportiva Ovarense,https://sav2.fpb.pt/uploads/clubes/logotipo/CLU_121663058006.png,0,21,Ovarense GAVEX ,60,2021/2022,12,A.D.O. Basquetebol da Associação Desportiva Ovarense,OVA,3,Associação de Basquetebol de Aveiro,1997-02-26,M,180,73,https://sav2.fpb.pt/uploads/utilizadores/foto_acao169338_1668202834.jpg,,,
111676,Pedro Filipe Vaz Catarino,Pedro Catarino,https://sav2.fpb.pt/uploads/utilizadores/33954_1663796816.png,,Portugal,União Desportiva Oliveirense,https://sav2.fpb.pt/old_uploads/CLU/CLU_28_LOGO.png,0,21,UD Oliveirense ,60,2021/2022,28,União Desportiva Oliveirense,UDO,3,Associação de Basquetebol de Aveiro,1990-10-20,M,186,0,,,,
173200,Pedro Lascasas Pinto,Pedro Pinto,https://sav2.fpb.pt/uploads/utilizadores/101319_1663801595.png,,Portugal,A.D.O. Basquetebol da Associação Desportiva Ovarense,https://sav2.fpb.pt/uploads/clubes/logotipo/CLU_121663058006.png,0,88,Ovarense GAVEX ,60,2021/2022,12,A.D.O. Basquetebol da Associação Desportiva Ovarense,OVA,3,Associação de Basquetebol de Aveiro,1997-12-01,M,192,0,,,,
188613,Pedro Mateus da Silva Margalho,Pedro Margalho,https://sav2.fpb.pt/uploads/utilizadores/115838_1665741354.png,,Portugal,Associação Académica de Coimbra,https://sav2.fpb.pt/uploads/clubes/logotipo/Associacao_Academica_de_Coimbra1596300872.png,0,4,Académica EFAPEL ,60,2021/2022,39,Associação Académica de Coimbra,AAC,8,Associação de Basquetebol de Coimbra,2002-03-08,M,185,0,,,,
85854,Pedro Miguel Santos Pinto,Pedro Pinto,https://sav2.fpb.pt/uploads/utilizadores/17034_1663691082.png,BASE / EXTREMO,Portugal,Illiabum Clube ,https://sav2.fpb.pt/uploads/clubes/logotipo/Illiabum_Clube1602333892.png,0,6,Illiabum Clube ,60,2021/2022,22,Illiabum Clube ,ILL,3,Associação de Basquetebol de Aveiro,1988-03-05,M,188,91,,,,
200019,Rafael Flores Costa,Rafael Costa,https://sav2.fpb.pt/uploads/utilizadores/127698_1663798521.png,,Portugal,Clube Desportivo da Póvoa,https://sav2.fpb.pt/old_uploads/CLU/CLU_118_LOGO.jpg,0,21,CD Póvoa ESC Online ,60,2021/2022,118,Clube Desportivo da Póvoa,CDP,4,Associação de Basquetebol do Porto,2001-09-28,M,179,0,,,,
272929,Rashard Marque Odomes,Rashard Odomes,https://sav2.fpb.pt/uploads/utilizadores/223589_1631022152.png,,Estados Unidos da América,Futebol Clube do Porto,https://sav2.fpb.pt/old_uploads/CLU/CLU_120_LOGO.png,0,1,FC Porto ,60,2021/2022,120,Futebol Clube do Porto,FCP,4,Associação de Basquetebol do Porto,1996-12-21,M,1,0,https://sav2.fpb.pt/uploads/utilizadores/foto_acao272929_1644790049.jpg,,,
235831,Raven Louis Barber,Raven Barber,https://sav2.fpb.pt/uploads/utilizadores/163859_1648825603.png,,Estados Unidos da América,União Desportiva Oliveirense,https://sav2.fpb.pt/old_uploads/CLU/CLU_28_LOGO.png,0,35,UD Oliveirense ,60,2021/2022,28,União Desportiva Oliveirense,UDO,3,Associação de Basquetebol de Aveiro,1991-10-02,M,0,0,,,,
140327,Renato Alexandre Moreira Azevedo,Renato Azevedo,https://sav2.fpb.pt/uploads/utilizadores/60347_1634635953.png,EXTREMO,Portugal,União Desportiva Oliveirense,https://sav2.fpb.pt/old_uploads/CLU/CLU_28_LOGO.png,0,10,UD Oliveirense ,60,2021/2022,28,União Desportiva Oliveirense,UDO,3,Associação de Basquetebol de Aveiro,1991-08-01,M,187,0,https://sav2.fpb.pt/uploads/utilizadores/foto_acao140327_1602245052.jpg,,,
209673,Ricardo Bernardo Dias Monteiro,Ricardo Monteiro,https://sav2.fpb.pt/uploads/utilizadores/137128_1662817786.png,POSTE,Portugal,União Desportiva Oliveirense,https://sav2.fpb.pt/old_uploads/CLU/CLU_28_LOGO.png,0,3,UD Oliveirense ,60,2021/2022,28,União Desportiva Oliveirense,UDO,3,Associação de Basquetebol de Aveiro,1997-02-13,M,208,106,,,,
279560,Roddy Troy PetersJr,Roddy PetersJr,https://sav2.fpb.pt/uploads/utilizadores/231039_1643038903.png,,Estados Unidos da América,Imortal Basket Club,https://sav2.fpb.pt/old_uploads/CLU/CLU_2932_LOGO.png,0,5,Imortal LUZiGÁS ,60,2021/2022,2932,Imortal Basket Club,IBC,9,Associação de Basquetebol do Algarve ,1995-07-14,M,0,0,,,,
184458,Rodrigo Tobias Simões Rebelo Soeiro,Rodrigo Soeiro,https://sav2.fpb.pt/uploads/utilizadores/113228_1663801650.png,,Portugal,A.D.O. Basquetebol da Associação Desportiva Ovarense,https://sav2.fpb.pt/uploads/clubes/logotipo/CLU_121663058006.png,0,13,Ovarense GAVEX ,60,2021/2022,12,A.D.O. Basquetebol da Associação Desportiva Ovarense,OVA,3,Associação de Basquetebol de Aveiro,1996-12-20,M,190,0,,,,
205486,Rúben André Monteiro Sona,Rúben Sona,https://sav2.fpb.pt/uploads/utilizadores/134581_1663801687.png,,Portugal,A.D.O. Basquetebol da Associação Desportiva Ovarense,https://sav2.fpb.pt/uploads/clubes/logotipo/CLU_121663058006.png,0,30,Ovarense Sub23 ,60,2021/2022,12,A.D.O. Basquetebol da Associação Desportiva Ovarense,OVA,3,Associação de Basquetebol de Aveiro,2004-05-21,M,184,0,,,,
237485,Rui Carlos Jesus Oliveira da Costa Fernandes,Rui Fernandes,https://sav2.fpb.pt/uploads/utilizadores/165497_1632674092.png,,Portugal,Vitória Sport Clube,https://sav2.fpb.pt/old_uploads/CLU/CLU_2300_LOGO.png,0,15,Vitória SC ,60,2021/2022,2300,Vitória Sport Clube,VSC,5,Associação de Basquetebol de Braga,2002-06-07,M,195,95,,,,
145055,Rui Eduardo Fernandes Coelho,Rui Coelho,https://sav2.fpb.pt/uploads/utilizadores/82508_1663930425.png,,Portugal,Clube Desportivo da Póvoa,https://sav2.fpb.pt/old_uploads/CLU/CLU_118_LOGO.jpg,0,24,CD Póvoa ESC Online ,60,2021/2022,118,Clube Desportivo da Póvoa,CDP,4,Associação de Basquetebol do Porto,1989-11-09,M,191,0,,,,
125990,Rui Jorge dos Santos Silva França,Rui França,https://sav2.fpb.pt/uploads/utilizadores/48683_1634636016.png,,Portugal,União Desportiva Oliveirense,https://sav2.fpb.pt/old_uploads/CLU/CLU_28_LOGO.png,0,11,UD Oliveirense ,60,2021/2022,28,União Desportiva Oliveirense,UDO,3,Associação de Basquetebol de Aveiro,1989-06-26,M,185,0,,,,
102320,Rui Miguel Freire Quintino,Rui Quintino,https://sav2.fpb.pt/uploads/utilizadores/30995_1663877292.png,EXTREMO,Portugal,Imortal Basket Club,https://sav2.fpb.pt/old_uploads/CLU/CLU_2932_LOGO.png,0,15,Imortal LUZiGÁS ,60,2021/2022,2932,Imortal Basket Club,IBC,9,Associação de Basquetebol do Algarve ,1983-10-20,M,196,92,,,,
201195,Salvador Magalhães Cardoso Caldeira,Salvador Caldeira,https://sav2.fpb.pt/uploads/utilizadores/129854_1666624056.png,,Portugal,Illiabum Clube ,https://sav2.fpb.pt/uploads/clubes/logotipo/Illiabum_Clube1602333892.png,0,44,Illiabum Clube ,60,2021/2022,22,Illiabum Clube ,ILL,3,Associação de Basquetebol de Aveiro,2003-03-18,M,190,0,,,,
208548,Salvador Serápio Victo,Salvador Victo,https://sav2.fpb.pt/uploads/utilizadores/136476_1632335967.png,BASE,Portugal,Imortal Basket Club,https://sav2.fpb.pt/old_uploads/CLU/CLU_2932_LOGO.png,0,45,Imortal BC Sub23 ,60,2021/2022,2932,Imortal Basket Club,IBC,9,Associação de Basquetebol do Algarve ,2005-03-08,M,192,0,,,,
268477,Sérgio dos Santos Alves,Sérgio Alves,https://sav2.fpb.pt/uploads/utilizadores/196399_1663858957.png,EXTREMO / POSTE,Cabo Verde,Sport Club Lusitânia ,https://sav2.fpb.pt/old_uploads/CLU/CLU_76_LOGO.png,0,4,SC Lusitânia Expert ,60,2021/2022,76,Sport Club Lusitânia ,SCL,13,Associação de Basquetebol da Ilha Terceira ,2005-02-26,M,191,0,,,,
150441,Sérgio Fernando Penela da Silva,Sérgio Silva,https://sav2.fpb.pt/uploads/utilizadores/69588_1662745354.png,BASE / EXTREMO,Portugal,Imortal Basket Club,https://sav2.fpb.pt/old_uploads/CLU/CLU_2932_LOGO.png,0,27,Imortal LUZiGÁS ,60,2021/2022,2932,Imortal Basket Club,IBC,9,Associação de Basquetebol do Algarve ,1996-03-05,M,193,83,,,,
77301,Sérgio Filipe da Silva Duarte,Sérgio Duarte,https://sav2.fpb.pt/uploads/utilizadores/12046_1632843081.png,,Portugal,Clube Desportivo da Póvoa,https://sav2.fpb.pt/old_uploads/CLU/CLU_118_LOGO.jpg,0,7,CD Póvoa ,60,2021/2022,118,Clube Desportivo da Póvoa,CDP,4,Associação de Basquetebol do Porto,1979-03-22,M,182,0,,,,
269329,Seydougou Mamourou Fofana Santis,Seydougou Santis,https://sav2.fpb.pt/uploads/utilizadores/219520_1631009629.png,EXTREMO / POSTE,Estados Unidos da América,Sporting Clube de Portugal,https://sav2.fpb.pt/old_uploads/CLU/CLU_169_LOGO.png,0,5,Sporting CP ,60,2021/2022,169,Sporting Clube de Portugal,SCP,1,Associação de Basquetebol de Lisboa,1997-10-05,M,206,0,,,,
268935,Shakir Marwan Smith,Shakir Smith,https://sav2.fpb.pt/uploads/utilizadores/218986_1638715881.png,BASE,Estados Unidos da América,Sporting Clube de Portugal,https://sav2.fpb.pt/old_uploads/CLU/CLU_169_LOGO.png,0,3,Sporting CP ,60,2021/2022,169,Sporting Clube de Portugal,SCP,1,Associação de Basquetebol de Lisboa,1992-10-25,M,185,0,,,,
276286,Shaun Gregory Willett,Shaun Willett,https://sav2.fpb.pt/uploads/utilizadores/227476_1637581426.png,,Estados Unidos da América,União Desportiva Oliveirense,https://sav2.fpb.pt/old_uploads/CLU/CLU_28_LOGO.png,0,0,UD Oliveirense ,60,2021/2022,28,União Desportiva Oliveirense,UDO,3,Associação de Basquetebol de Aveiro,1996-11-15,M,0,0,,,,
230675,Simão Filipe Andrade Certo Pinheiro Ribeiro,Simão Ribeiro,https://sav2.fpb.pt/uploads/utilizadores/158711_1633386553.png,,Portugal,Vitória Sport Clube,https://sav2.fpb.pt/old_uploads/CLU/CLU_2300_LOGO.png,0,41,Vitória SC ,60,2021/2022,2300,Vitória Sport Clube,VSC,5,Associação de Basquetebol de Braga,2003-06-11,M,0,0,,,,
163662,Stefan Djukic,Stefan Djukic,https://sav2.fpb.pt/uploads/utilizadores/92364_1632846823.png,POSTE,Portugal,Associação Académica de Coimbra,https://sav2.fpb.pt/uploads/clubes/logotipo/Associacao_Academica_de_Coimbra1596300872.png,0,7,Académica EFAPEL ,60,2021/2022,39,Associação Académica de Coimbra,AAC,8,Associação de Basquetebol de Coimbra,1989-07-18,M,201,101,,,,
273335,Tahjai Anaiah Teague,Tahjai Teague,https://sav2.fpb.pt/uploads/utilizadores/224063_1633382157.png,,Estados Unidos da América,Illiabum Clube ,https://sav2.fpb.pt/uploads/clubes/logotipo/Illiabum_Clube1602333892.png,0,25,Illiabum Clube ,60,2021/2022,22,Illiabum Clube ,ILL,3,Associação de Basquetebol de Aveiro,1997-06-25,M,203,0,,,,
262570,Tanner Howard Omlid,Tanner Omlid,https://sav2.fpb.pt/uploads/utilizadores/190497_1662817900.png,EXTREMO,Estados Unidos da América,Sporting Clube de Portugal,https://sav2.fpb.pt/old_uploads/CLU/CLU_169_LOGO.png,0,11,Sporting CP ,60,2021/2022,169,Sporting Clube de Portugal,SCP,1,Associação de Basquetebol de Lisboa,1993-12-02,M,191,0,https://sav2.fpb.pt/uploads/utilizadores/foto_acao262570_1635189852.jpg,https://www.facebook.com/tanner.omlid,https://www.instagram.com/tanneromlid,https://twitter.com/tanneromlid
255992,Thomas Hugo R. De Thaey,Thomas Thaey,https://sav2.fpb.pt/uploads/utilizadores/183936_1646316121.png,,Bélgica,Imortal Basket Club,https://sav2.fpb.pt/old_uploads/CLU/CLU_2932_LOGO.png,0,,Imortal LUZiGÁS ,60,2021/2022,2932,Imortal Basket Club,IBC,9,Associação de Basquetebol do Algarve ,1991-03-15,M,203,0,,,,
211453,Thomas Silva Sampaio,Thomas Sampaio,https://sav2.fpb.pt/uploads/utilizadores/139537_1666034048.png,,Portugal,Clube Desportivo da Póvoa,https://sav2.fpb.pt/old_uploads/CLU/CLU_118_LOGO.jpg,0,20,CD Póvoa ESC Online ,60,2021/2022,118,Clube Desportivo da Póvoa,CDP,4,Associação de Basquetebol do Porto,2003-02-12,M,176,0,,,,
200034,Tiago Alexandre da Rocha Almeida,Tiago Almeida,https://sav2.fpb.pt/uploads/utilizadores/127843_1662647842.png,BASE / EXTREMO,Portugal,Futebol Clube do Porto,https://sav2.fpb.pt/old_uploads/CLU/CLU_120_LOGO.png,0,12,FC Porto ,60,2021/2022,120,Futebol Clube do Porto,FCP,4,Associação de Basquetebol do Porto,2003-06-12,M,190,0,,,,
191451,Tiago Nogueira Nazário,Tiago Nazário,https://sav2.fpb.pt/uploads/utilizadores/119548_1666686275.png,,Portugal,Illiabum Clube ,https://sav2.fpb.pt/uploads/clubes/logotipo/Illiabum_Clube1602333892.png,0,4,Illiabum Clube ,60,2021/2022,22,Illiabum Clube ,ILL,3,Associação de Basquetebol de Aveiro,1999-03-06,M,183,0,,,,
129794,Tomás Cabrita dos Santos Nunes Barroso,Tomás Barroso,https://sav2.fpb.pt/uploads/utilizadores/51973_1662745405.png,BASE / EXTREMO,Portugal,Sport Lisboa e Benfica,https://sav2.fpb.pt/old_uploads/CLU/CLU_127_LOGO.png,0,21,SL Benfica ,60,2021/2022,127,Sport Lisboa e Benfica,SLB,1,Associação de Basquetebol de Lisboa,1990-11-02,M,182,88,,,,
184353,Tomás Martins Dias,Tomás Dias,https://sav2.fpb.pt/uploads/utilizadores/112950_1663241680.png,EXTREMO / POSTE,Portugal,"Clube Amigos do Basquete da Madeira, Basquetebol SAD ",https://sav2.fpb.pt/uploads/clubes/logotipo/CLU_9871666877561.jpg,0,11,CAB Madeira ,60,2021/2022,987,"Clube Amigos do Basquete da Madeira, Basquetebol SAD ",CAB,6,Associação de Basquetebol da Madeira,2001-10-24,M,195,95,,,,
249301,Travante António Williams,Travante Williams,https://sav2.fpb.pt/uploads/utilizadores/177293_1662817934.png,EXTREMO,Portugal,Sporting Clube de Portugal,https://sav2.fpb.pt/old_uploads/CLU/CLU_169_LOGO.png,0,0,Sporting CP ,60,2021/2022,169,Sporting Clube de Portugal,SCP,1,Associação de Basquetebol de Lisboa,1993-07-29,M,195,91,https://sav2.fpb.pt/uploads/utilizadores/foto_acao249301_1602625603.png,,,
268941,Travis Trayvon Munnings,Travis Munnings,https://sav2.fpb.pt/uploads/utilizadores/218993_1638722475.png,EXTREMO,Bahamas,Sport Lisboa e Benfica,https://sav2.fpb.pt/old_uploads/CLU/CLU_127_LOGO.png,0,3,SL Benfica ,60,2021/2022,127,Sport Lisboa e Benfica,SLB,1,Associação de Basquetebol de Lisboa,1994-09-14,M,198,95,,,,
268823,Tyere Dashaun Marshall,Tyere Marshall,https://sav2.fpb.pt/uploads/utilizadores/218838_1644659278.png,,Estados Unidos da América,A.D.O. Basquetebol da Associação Desportiva Ovarense,https://sav2.fpb.pt/uploads/clubes/logotipo/CLU_121663058006.png,0,23,Ovarense GAVEX ,60,2021/2022,12,A.D.O. Basquetebol da Associação Desportiva Ovarense,OVA,3,Associação de Basquetebol de Aveiro,1997-06-26,M,205,0,,,,
256177,Tymetrius Montovia Toney,Tymetrius Toney,https://sav2.fpb.pt/uploads/utilizadores/184119_1645470588.png,BASE,Estados Unidos da América,Imortal Basket Club,https://sav2.fpb.pt/old_uploads/CLU/CLU_2932_LOGO.png,0,32,Imortal LUZiGÁS ,60,2021/2022,2932,Imortal Basket Club,IBC,9,Associação de Basquetebol do Algarve ,1994-11-27,M,193,0,,,,
187286,Vladyslav Voytso,Vladyslav Voytso,https://sav2.fpb.pt/uploads/utilizadores/115695_1662647858.png,EXTREMO,Portugal,Futebol Clube do Porto,https://sav2.fpb.pt/old_uploads/CLU/CLU_120_LOGO.png,0,3,FC Porto ,60,2021/2022,120,Futebol Clube do Porto,FCP,4,Associação de Basquetebol do Porto,1999-07-30,M,200,91,https://sav2.fpb.pt/uploads/utilizadores/foto_acao187286_1595238712.jpg,https://www.facebook.com/vlady.voytso,https://www.instagram.com/vlad_voytso,https://twitter.com/vvoytso
280845,Wendell Lewis,Wendell Lewis,https://sav2.fpb.pt/uploads/utilizadores/232422_1646058397.png,POSTE,Estados Unidos da América,Sport Lisboa e Benfica,https://sav2.fpb.pt/old_uploads/CLU/CLU_127_LOGO.png,0,30,SL Benfica ,60,2021/2022,127,Sport Lisboa e Benfica,SLB,1,Associação de Basquetebol de Lisboa,1989-09-21,M,208,0,,,,
273584,William Christopher DunstonJr,William DunstonJr,https://sav2.fpb.pt/uploads/utilizadores/224373_1633382029.png,,Estados Unidos da América,Illiabum Clube ,https://sav2.fpb.pt/uploads/clubes/logotipo/Illiabum_Clube1602333892.png,0,,Illiabum Clube ,60,2021/2022,22,Illiabum Clube ,ILL,3,Associação de Basquetebol de Aveiro,1994-03-26,M,198,0,,,,
272993,Zane Haden Waterman,Zane Waterman,https://sav2.fpb.pt/uploads/utilizadores/223669_1634636125.png,,Estados Unidos da América,União Desportiva Oliveirense,https://sav2.fpb.pt/old_uploads/CLU/CLU_28_LOGO.png,0,12,UD Oliveirense ,60,2021/2022,28,União Desportiva Oliveirense,UDO,3,Associação de Basquetebol de Aveiro,1995-10-12,M,203,0,,,,
273181,Zarko Jukic,Zarko Jukic,https://sav2.fpb.pt/uploads/utilizadores/223886_1632843332.png,,Dinamarca,Clube Desportivo da Póvoa,https://sav2.fpb.pt/old_uploads/CLU/CLU_118_LOGO.jpg,0,15,CD Póvoa ,60,2021/2022,118,Clube Desportivo da Póvoa,CDP,4,Associação de Basquetebol do Porto,1993-07-28,M,202,0,,,,
